lms_logins_per_week,assignment_delay_days,attendance_rate,avg_sleep_hours,sentiment_score,study_hours_per_week,burnout_risk,recommendation,risk_score
7,9,74.53743896293922,5.960756057225983,0.1460828578616986,3.918151385555428,High,Immediate counseling and advisor intervention,67.58
4,9,86.14480483108878,4.897486617119167,0.8654614809525096,23.368348155248903,High,Immediate counseling and advisor intervention,72.51
13,5,91.04307365766763,7.7684941702525965,0.15032670099324985,13.43257759726463,Low,Maintain engagement programs,25.91
11,0,85.92286354182768,7.9440349093537215,-0.04129111972429644,23.2589645257036,Low,Maintain engagement programs,19.74
8,3,76.75183660224553,4.868767376537834,-0.3725446176118079,27.301019641710262,Medium,Weekly mentoring and workload monitoring,58.08
13,9,73.8309742063206,7.854270542704949,0.21274188886675116,8.517368118836085,Medium,Weekly mentoring and workload monitoring,40.54
5,5,91.92912793513125,8.736489441281691,-0.7216039507649403,24.607088849518636,Medium,Weekly mentoring and workload monitoring,49.34
7,5,60.253878007472956,4.831887934661362,0.796523254585412,3.6546289221910917,Medium,Weekly mentoring and workload monitoring,61.4
10,4,98.3997033252117,7.854921462660678,0.6586648102825674,27.167726869046927,Low,Maintain engagement programs,24.73
3,0,85.54762394183741,7.542860023013147,-0.3649371042465259,20.221519331644927,Medium,Weekly mentoring and workload monitoring,46.49
7,7,59.975346366915986,6.367869442175443,0.9055950552025887,26.478348275873845,Medium,Weekly mentoring and workload monitoring,57.66
11,4,86.81235918492442,4.289602302793991,0.6504015348311363,2.005275187584293,Medium,Weekly mentoring and workload monitoring,44.68
11,4,76.49200115905583,4.37347208878927,0.33261377167007944,6.734269969967791,Medium,Weekly mentoring and workload monitoring,49.63
8,6,85.36150478222223,8.262073295993238,-0.7564761777494504,12.913262847941779,Medium,Weekly mentoring and workload monitoring,48.55
5,3,88.38897507214193,8.950741863753235,-0.04353195390385545,12.62608129449212,Medium,Weekly mentoring and workload monitoring,38.14
4,5,54.36450897948377,7.380261285933772,0.012215109693501702,8.348450721858299,Medium,Weekly mentoring and workload monitoring,63.71
8,3,75.30519781796735,6.229791535051607,-0.5348972832692398,12.685134316281603,Medium,Weekly mentoring and workload monitoring,52.38
8,2,96.60071711284671,7.237868217009538,-0.8400692112813961,5.607763936007135,Medium,Weekly mentoring and workload monitoring,40.85
3,6,66.03210960797571,6.9719792961427265,0.5534472609433854,13.557311619448729,Medium,Weekly mentoring and workload monitoring,63.78
6,7,79.69415487789495,5.918061302028109,-0.75592989575121,24.465921216459396,High,Immediate counseling and advisor intervention,71.06
5,3,68.46152407549481,4.328130722870065,0.18858150112354943,15.413961766893834,High,Immediate counseling and advisor intervention,66.88
2,1,72.71339861095498,8.107564737037205,0.8728983477673211,2.5040024904660196,Medium,Weekly mentoring and workload monitoring,42.24
8,9,77.43015589690766,5.859167646193622,0.7522103851960851,13.800433164218928,Medium,Weekly mentoring and workload monitoring,59.66
12,2,77.44609899444886,8.093928216785468,-0.44449475250147774,2.7609004505436365,Low,Maintain engagement programs,27.26
14,0,60.08652311651179,5.262543748441911,0.7028972751025306,29.05481549979035,Low,Maintain engagement programs,27.14
6,7,84.22857739399166,4.005147399228167,-0.9993349877590212,5.568710863840331,High,Immediate counseling and advisor intervention,82.24
2,2,54.39340556213284,4.794691416383783,-0.9646243807734856,21.815273137257325,High,Immediate counseling and advisor intervention,83.06
12,9,56.94123867210102,6.342697083842921,0.2051063276857299,29.237737040978402,Medium,Weekly mentoring and workload monitoring,56.18
5,6,50.13554497071648,8.72151817478915,-0.27040356171094104,25.12909344666401,Medium,Weekly mentoring and workload monitoring,59.86
1,9,55.834803207084065,4.510968098468595,-0.22707831768170572,21.580830503533704,High,Immediate counseling and advisor intervention,100.0
12,4,73.65831005259462,8.27104887230783,0.12888218135776497,25.504905466021473,Low,Maintain engagement programs,28.09
10,9,80.30509405279193,6.63512048105931,-0.6164350888162788,29.490363411297572,Medium,Weekly mentoring and workload monitoring,60.38
6,4,89.71447249832312,8.129603828999482,-0.5764892986690433,19.39764592309883,Medium,Weekly mentoring and workload monitoring,46.61
13,6,55.334962505671804,5.491872154949963,-0.030796825962270624,17.657174591221143,Medium,Weekly mentoring and workload monitoring,52.28
12,8,92.53637300082273,8.19973582336236,0.5085070886877261,19.590667092971877,Low,Maintain engagement programs,31.13
9,4,87.2987262774359,7.864113900084023,0.23899550281517534,16.91492482932354,Low,Maintain engagement programs,33.87
1,0,70.42591464679585,5.15026841515717,-0.4052899035263222,19.782494965472125,High,Immediate counseling and advisor intervention,69.45
11,9,96.64690335499773,4.65667563204689,-0.1393256449821576,14.595581823231658,Medium,Weekly mentoring and workload monitoring,60.09
11,9,99.54647382286953,8.340271612661464,-0.6586704829000032,8.116409120732598,Medium,Weekly mentoring and workload monitoring,43.46
10,0,60.25009050266186,8.81618326720066,-0.8507403713258366,5.366922342326918,Low,Maintain engagement programs,31.33
12,1,68.96142924819003,4.1565115687375815,0.5653920814882984,3.913546194903291,Medium,Weekly mentoring and workload monitoring,40.06
12,5,96.32247117948556,7.656350334868428,-0.4692251816236108,9.372841945089602,Low,Maintain engagement programs,32.88
14,8,86.07982753756386,8.547622554739092,-0.6444672242975036,3.2914598014005474,Low,Maintain engagement programs,34.97
14,7,52.404732198204385,8.286800460462494,0.38323611113863865,17.880781837742795,Low,Maintain engagement programs,34.44
14,4,89.07572408757075,8.822602361351043,0.23610334857437199,9.947196516658568,Low,Maintain engagement programs,14.55
3,0,91.3970443588746,7.800470392190486,0.26637925202692814,25.086974626436902,Medium,Weekly mentoring and workload monitoring,38.33
12,6,87.52509623826568,6.2114938119045515,-0.5422107903067728,4.07874444367482,Medium,Weekly mentoring and workload monitoring,46.48
7,4,89.97685654597578,5.559759952475652,-0.534708922874638,8.337841841561605,Medium,Weekly mentoring and workload monitoring,57.49
4,5,91.25663383463987,5.603713702190637,-0.5583947404287217,22.446892118524087,High,Immediate counseling and advisor intervention,68.0
9,6,59.320249339407205,7.622113363070585,-0.652494808675411,18.76663229873776,Medium,Weekly mentoring and workload monitoring,55.57
3,2,61.78458730324999,7.729185060154822,0.3114473451233126,3.805755594976691,Medium,Weekly mentoring and workload monitoring,51.88
5,9,81.68792818600886,5.001795717743564,0.6960317704988028,26.56270480054161,High,Immediate counseling and advisor intervention,71.81
3,2,95.3933065231258,8.340614067452655,0.44863493935332244,26.563329359133025,Medium,Weekly mentoring and workload monitoring,38.26
7,4,65.80982911482474,7.574620201011238,0.5841872675210864,11.251424108521668,Medium,Weekly mentoring and workload monitoring,43.94
5,5,79.41533378975284,6.813751431716913,-0.1904031418296004,11.53136361378781,Medium,Weekly mentoring and workload monitoring,58.89
9,8,84.14910317085662,6.357662300512564,0.30815159074399623,29.69279403380487,Medium,Weekly mentoring and workload monitoring,53.29
7,4,72.59743006495196,6.716164028949791,-0.29152751911045094,19.53293280460787,Medium,Weekly mentoring and workload monitoring,53.93
2,0,85.6891227427663,4.796228691396323,0.05100924393728001,16.876862575905655,Medium,Weekly mentoring and workload monitoring,60.76
4,3,94.98337226460865,5.018506246381371,-0.03673030693027535,25.468261139453883,Medium,Weekly mentoring and workload monitoring,60.46
9,4,81.20507720909188,4.455822452030958,-0.6462257097122912,9.988129474004861,Medium,Weekly mentoring and workload monitoring,61.36
12,9,76.98905309573165,4.768290190805564,-0.22584247932873835,14.017112615097993,Medium,Weekly mentoring and workload monitoring,62.82
14,9,71.93723376941695,6.268468173026413,0.927644550964702,9.497746913673357,Medium,Weekly mentoring and workload monitoring,41.13
2,4,78.87431354530628,6.651771968641281,-0.5028394845701158,24.09650370448448,High,Immediate counseling and advisor intervention,67.94
10,6,67.7681225909198,4.089309462391597,-0.7323925274410226,18.053781677786105,High,Immediate counseling and advisor intervention,70.46
9,3,69.5741055100751,7.983989139320138,-0.16283875675212944,20.447101963921973,Medium,Weekly mentoring and workload monitoring,38.61
10,0,76.5928739844087,5.470839866717389,0.5806754717202962,9.064602995503384,Low,Maintain engagement programs,33.41
5,4,53.330955619540845,8.559180174799556,0.16429645955994454,8.166308438564823,Medium,Weekly mentoring and workload monitoring,50.86
2,6,61.451269546239814,8.837556318068888,0.3619496544764891,15.674489611522283,Medium,Weekly mentoring and workload monitoring,59.14
4,9,77.14246553067045,4.927294373383272,-0.6206103036506456,22.65184097459915,High,Immediate counseling and advisor intervention,86.96
12,9,71.57640715682213,6.310486453828303,0.23789638601544305,16.706713210564484,Medium,Weekly mentoring and workload monitoring,52.09
12,5,66.64078929562422,4.0061591758321295,-0.3529992101770525,2.914078971278721,Medium,Weekly mentoring and workload monitoring,59.93
7,4,86.52745684046508,6.991636325612134,0.668606731909535,26.319442176968085,Medium,Weekly mentoring and workload monitoring,40.78
12,3,84.68588037016693,7.036532241313356,0.25859761202147236,3.811233018423684,Low,Maintain engagement programs,28.03
13,1,58.33653799966916,5.237699778016876,-0.6022874444494082,28.763085544181063,Medium,Weekly mentoring and workload monitoring,43.88
8,3,93.93145576867191,6.792063362915989,-0.8707666403118277,2.7039748317636363,Medium,Weekly mentoring and workload monitoring,46.99
3,9,74.77118132019828,5.127700712218678,-0.9147335814259345,21.444612771659845,High,Immediate counseling and advisor intervention,91.64
14,9,87.07304555695228,4.804127345390951,-0.2571828646997185,4.301797783929887,Medium,Weekly mentoring and workload monitoring,54.68
1,2,78.65754246286943,7.257597334011324,-0.46829772669137304,27.49894422418391,Medium,Weekly mentoring and workload monitoring,61.68
4,9,99.88463079619217,5.629627319760374,0.2921802469250161,15.004130614315198,High,Immediate counseling and advisor intervention,69.46
2,0,87.62015600194113,6.951319694428112,-0.0013323300427634521,5.850665694876431,Medium,Weekly mentoring and workload monitoring,48.91
8,7,85.34902306217296,6.166233744858278,-0.46796144398923856,11.542839594115705,Medium,Weekly mentoring and workload monitoring,60.35
4,4,88.92859695253756,8.921757037014519,-0.7015244440996478,6.6150909097093376,Medium,Weekly mentoring and workload monitoring,48.99
2,3,57.15639927742348,4.747903213337829,-0.7456004746251008,6.77629352359852,High,Immediate counseling and advisor intervention,83.5
14,7,60.22722965847316,6.32299298317905,0.7293207842808354,28.54703296480038,Medium,Weekly mentoring and workload monitoring,40.19
6,6,85.70320411118071,7.402283131796626,-0.5130440631902655,14.466891143974069,Medium,Weekly mentoring and workload monitoring,56.61
6,1,74.69907435654314,5.977725419399843,0.30342129582193667,24.08646338935007,Medium,Weekly mentoring and workload monitoring,47.07
10,0,87.73176459300583,8.87349925935345,0.6213718559725325,19.908955712975093,Low,Maintain engagement programs,11.48
4,3,55.14580153720725,7.609438139634675,0.22816262236947216,20.939938145474983,Medium,Weekly mentoring and workload monitoring,55.02
6,7,76.82406757422973,7.284919287822465,0.7191304632938915,5.687416277217078,Medium,Weekly mentoring and workload monitoring,52.32
13,1,68.94107827784579,7.785296338056117,-0.21521255694305097,8.557164510833598,Low,Maintain engagement programs,23.93
2,2,72.85001096408392,8.763243190193585,0.9124443812978966,24.029009384324233,Medium,Weekly mentoring and workload monitoring,41.03
10,0,80.19789360362563,8.539093264923201,-0.7337099916438061,29.18145378129392,Low,Maintain engagement programs,26.45
12,0,75.11441737312651,7.62142654063206,-0.7957009406849238,9.354917992762248,Low,Maintain engagement programs,27.89
2,2,76.99303185564183,7.745808195506415,0.3173842924148871,9.603925413029117,Medium,Weekly mentoring and workload monitoring,50.32
10,4,74.3178740997804,4.7296103701757275,0.8856622828265235,15.241119718705335,Medium,Weekly mentoring and workload monitoring,46.49
14,2,70.44775885427467,4.513962022463328,0.6177669232726561,29.547528759952257,Low,Maintain engagement programs,34.55
4,0,88.59409902991226,6.854522509220821,-0.8471662811238971,9.53085048314119,Medium,Weekly mentoring and workload monitoring,50.63
14,0,50.61015361590223,4.0918381847027,-0.44126457213056725,13.395213469759389,Medium,Weekly mentoring and workload monitoring,45.47
8,7,79.92213506026135,6.411781907757957,0.8606377696756473,26.96144043745819,Medium,Weekly mentoring and workload monitoring,49.62
14,9,78.27541736614869,5.051747899594343,-0.4938831343984309,2.081788913398136,Medium,Weekly mentoring and workload monitoring,57.66
7,1,85.80895373664761,5.730082838224198,0.5623408475738385,3.1134470196799473,Medium,Weekly mentoring and workload monitoring,40.54
12,2,79.95146823886633,7.8790236789647805,0.6502643918574076,18.91400695799414,Low,Maintain engagement programs,18.79
9,1,91.33994139045392,8.706187521161933,-0.00909579307803643,27.406644611959717,Low,Maintain engagement programs,22.02
14,2,97.95373972820138,4.3620813607317075,-0.22730218030336902,8.687986491253975,Low,Maintain engagement programs,34.79
8,6,67.12621285892718,6.671211029882226,-0.09975113516048073,15.149969691059852,Medium,Weekly mentoring and workload monitoring,56.83
5,0,61.36754915149935,8.412667429098,-0.5460706112692717,14.613028446418912,Medium,Weekly mentoring and workload monitoring,44.37
13,9,71.17984312102415,4.412542672202107,0.7787818322576885,15.243197690674284,Medium,Weekly mentoring and workload monitoring,55.4
2,7,64.3964808237863,8.122570234484169,-0.0987606865404842,19.430551480432865,High,Immediate counseling and advisor intervention,68.74
5,9,80.74751315763272,5.789006754641357,0.7649188809121996,15.152825363739145,High,Immediate counseling and advisor intervention,67.21
8,9,95.59262044214825,5.610473511096677,-0.7886130401874518,14.529107957028819,High,Immediate counseling and advisor intervention,68.67
10,9,56.955809707153094,8.887331931573929,0.9765505420002627,15.280075772075294,Medium,Weekly mentoring and workload monitoring,41.44
9,1,55.03973015079433,5.004295449311471,-0.11345382511276347,18.544288355589163,Medium,Weekly mentoring and workload monitoring,52.97
12,2,62.80077659268311,7.465969704113405,-0.9043383592117891,17.036209673838034,Medium,Weekly mentoring and workload monitoring,38.44
12,8,86.30477930312003,8.107203640049331,-0.9239563035250902,25.915807934214122,Medium,Weekly mentoring and workload monitoring,45.05
12,6,79.64814526294109,4.205917476396358,0.49241451496367716,3.385911897822665,Medium,Weekly mentoring and workload monitoring,51.11
13,3,55.11063321125998,7.351927291772061,0.31807106840736155,25.33287800124435,Low,Maintain engagement programs,31.16
9,9,95.93752611303732,8.757749871776635,0.604261116255175,25.62988915312827,Medium,Weekly mentoring and workload monitoring,37.29
13,4,89.50423185620434,4.621099833640296,-0.7892649320943881,9.977424602866904,Medium,Weekly mentoring and workload monitoring,48.46
13,1,51.15113023938188,8.481106513425193,-0.9288582659289033,14.959854740443818,Low,Maintain engagement programs,30.83
1,7,82.5683605494123,6.973883186884681,0.01715857889515693,14.279077679048193,High,Immediate counseling and advisor intervention,71.83
9,3,88.5623334259869,7.08302290931237,-0.22480953703446094,8.118275361915648,Medium,Weekly mentoring and workload monitoring,38.85
7,8,68.7217684860211,7.06472087432803,-0.07610612665808847,13.110311718416861,Medium,Weekly mentoring and workload monitoring,62.23
9,4,53.44607696836094,5.494179431686569,0.983176817740548,3.242857620783924,Medium,Weekly mentoring and workload monitoring,49.94
8,8,53.866053274439366,8.676009076497298,0.9414999153413404,9.779018037888564,Medium,Weekly mentoring and workload monitoring,46.45
1,3,55.21234830259048,8.736752313155193,0.8846307793463857,24.867100912620106,Medium,Weekly mentoring and workload monitoring,51.67
12,9,92.02198159902115,7.126523301069739,0.5676853535353477,9.967744449361131,Medium,Weekly mentoring and workload monitoring,39.37
8,4,95.53430991278566,7.917113629708073,-0.2903172794862192,24.90978672495093,Medium,Weekly mentoring and workload monitoring,38.39
8,8,56.14053909228669,7.06128992940579,-0.17573813947445682,16.884785008924062,Medium,Weekly mentoring and workload monitoring,63.77
11,7,61.79530172975406,6.421992237870203,0.09923208743784895,26.63615496611248,Medium,Weekly mentoring and workload monitoring,52.56
3,2,58.27602551836449,7.304100591496253,0.6610689128096798,18.093827519403625,Medium,Weekly mentoring and workload monitoring,52.29
1,0,59.316043974706034,6.765007262959792,-0.8625743349634645,2.830710245812715,High,Immediate counseling and advisor intervention,67.41
8,2,91.8745394501246,6.98737931315965,-0.15140622823022376,20.911765811318496,Medium,Weekly mentoring and workload monitoring,37.87
3,3,66.60732063274695,7.91916276709431,-0.8347646730814626,3.2558999046599224,Medium,Weekly mentoring and workload monitoring,61.63
3,1,65.57221320228206,6.404519157244924,0.029315173147023144,14.616716531527752,Medium,Weekly mentoring and workload monitoring,57.65
1,0,61.36978104385563,4.203770530462364,0.7978016480124708,28.02394744524719,High,Immediate counseling and advisor intervention,67.24
11,6,80.39471968971293,4.819997404947486,0.5649698491278758,6.625710301459804,Medium,Weekly mentoring and workload monitoring,49.69
5,7,68.96528491927744,6.193036082447692,-0.5443151649137801,12.916425882363235,High,Immediate counseling and advisor intervention,73.48
10,6,87.21248259216443,7.624132799370292,0.9519816991975849,22.436088647757394,Low,Maintain engagement programs,32.1
7,4,60.27899041878187,6.966393241550893,0.33470079609285674,26.703239570655732,Medium,Weekly mentoring and workload monitoring,50.8
10,0,89.38949443572463,7.25147092936727,-0.9791446012051939,20.78640413279022,Low,Maintain engagement programs,32.97
9,6,80.18607658650694,6.396394642881436,-0.48917303062956097,9.228851117352738,Medium,Weekly mentoring and workload monitoring,55.22
12,6,55.713365002784386,7.0787101097112135,-0.4785734001601669,20.889019881654054,Medium,Weekly mentoring and workload monitoring,49.91
7,8,70.72522921018138,5.645087189073311,-0.8614913874282801,10.30837395091452,High,Immediate counseling and advisor intervention,75.86
9,2,93.17590703064785,6.350912963483325,0.919653036151858,22.116018434924587,Low,Maintain engagement programs,29.5
8,8,96.14801158992424,7.721395327974778,-0.0434894108481525,28.712927572381137,Medium,Weekly mentoring and workload monitoring,48.18
12,0,73.28500611594066,8.359163894865606,0.7916291947437639,22.19901663097607,Low,Maintain engagement programs,11.38
2,0,74.04184890445367,6.168276669781944,-0.3555689931107433,26.160654081547545,Medium,Weekly mentoring and workload monitoring,59.78
1,3,95.92273624696506,4.2183082885368055,-0.7495328591343458,2.0589076089247356,High,Immediate counseling and advisor intervention,78.58
7,8,79.35341120682835,4.808362720734014,-0.051327780187572225,22.092019492484642,High,Immediate counseling and advisor intervention,71.44
7,5,51.642333512171916,4.104305696457691,-0.7720867305713657,25.22845159222701,High,Immediate counseling and advisor intervention,80.55
14,2,95.63747314395644,7.26631509618665,-0.027968994044920148,3.13564465125108,Low,Maintain engagement programs,17.95
8,0,62.411322137857596,5.6615731267755445,0.8405943624388155,26.404736364070455,Medium,Weekly mentoring and workload monitoring,39.57
5,3,78.88159770457736,6.712393178596837,0.04153628366842543,9.187438392681283,Medium,Weekly mentoring and workload monitoring,52.24
3,8,58.27566587139869,6.466384233918998,0.23299945379016695,20.628178855385546,High,Immediate counseling and advisor intervention,76.72
12,2,51.69395801232975,4.407632447762134,-0.6867231260523834,24.409936612655386,Medium,Weekly mentoring and workload monitoring,56.37
8,8,65.57365855663787,6.016306805619159,-0.912528748240061,20.554606365661954,High,Immediate counseling and advisor intervention,72.93
6,6,89.02478537730438,5.102805624611616,-0.7783840756403859,4.583974178051203,High,Immediate counseling and advisor intervention,70.42
11,3,63.87935863147091,6.091998943338264,0.19706315136873132,18.697002528090312,Medium,Weekly mentoring and workload monitoring,42.08
3,2,61.00486070405485,5.017891401711213,-0.8099766020153907,17.38834238822002,High,Immediate counseling and advisor intervention,76.05
1,9,60.634039217061314,8.202262031384667,-0.24801422011737717,27.208995506079603,High,Immediate counseling and advisor intervention,78.73
3,4,75.75868412034063,4.870966682891268,0.10018388091631203,13.318712430037857,High,Immediate counseling and advisor intervention,70.84
5,4,98.77706578413782,8.803902757434884,-0.22269440274030594,10.990270718437404,Medium,Weekly mentoring and workload monitoring,40.3
14,2,72.94944940085065,6.079536830734704,-0.672632397069397,22.995821404221054,Low,Maintain engagement programs,35.88
3,8,77.86526844450239,8.231226460095247,-0.45241738497178696,13.554909130335105,High,Immediate counseling and advisor intervention,67.36
1,3,93.0316008945367,7.1438240910297255,0.856635065697154,20.090692900141764,Medium,Weekly mentoring and workload monitoring,50.27
5,4,76.75348594668293,7.676751493328763,0.35196455117271075,20.100602523488995,Medium,Weekly mentoring and workload monitoring,47.75
10,3,59.2231435709428,7.838619440333901,-0.00790432264022689,26.865093802083297,Medium,Weekly mentoring and workload monitoring,38.23
7,4,64.97979558832385,6.524224409465089,-0.974570220026213,18.763387264934728,Medium,Weekly mentoring and workload monitoring,62.64
14,6,65.49684631343055,6.716502616816442,0.9848308009789404,16.06030107893563,Low,Maintain engagement programs,31.79
7,8,69.8659057728799,6.569979339043625,0.3429098697892865,5.8883971391024765,Medium,Weekly mentoring and workload monitoring,61.19
11,6,71.33944526683747,6.940291890450396,-0.3661550453101101,5.240652987003751,Medium,Weekly mentoring and workload monitoring,48.21
9,4,89.98910110371347,4.146972228782537,0.7585373199956764,6.321003827926223,Medium,Weekly mentoring and workload monitoring,49.16
10,9,67.46934995246664,5.977575849245076,-0.4831367594163638,6.811757477158647,High,Immediate counseling and advisor intervention,66.38
10,9,73.41159142206897,7.030943567805858,0.08803315836550318,19.86055859458175,Medium,Weekly mentoring and workload monitoring,54.34
12,6,81.24879935255261,6.988617826279322,0.27214152745965015,22.747475007688198,Medium,Weekly mentoring and workload monitoring,37.3
13,9,68.88629737200847,7.964780473028158,-0.5578732570925431,16.839762641939725,Medium,Weekly mentoring and workload monitoring,47.59
3,4,91.82824066461664,7.275046694160543,0.9567945576011918,25.21249651127375,Medium,Weekly mentoring and workload monitoring,46.34
7,2,79.37268021170371,8.96066658170336,0.4963838119579951,29.75537034854173,Low,Maintain engagement programs,27.94
1,6,64.70223396104858,5.419272643043225,0.11562645102213986,24.96035361534197,High,Immediate counseling and advisor intervention,81.64
4,1,85.7029599894914,5.795755148331157,-0.6388108036493982,21.456706462926856,Medium,Weekly mentoring and workload monitoring,58.22
13,8,76.38238650723929,5.9192357593389815,-0.8922835860039477,16.909795584240104,Medium,Weekly mentoring and workload monitoring,56.71
4,9,76.72279456286235,6.329064035101243,-0.35988033495803307,14.56788600689183,High,Immediate counseling and advisor intervention,77.29
14,9,74.0543974193793,8.179990318906047,0.5063746718268056,4.362986655247186,Low,Maintain engagement programs,33.57
5,0,74.85059744106245,5.178960469796049,-0.46133740339594986,13.182324955051346,Medium,Weekly mentoring and workload monitoring,57.64
7,5,88.26781405331204,7.8800010351771475,0.07911244099101022,27.48376982989976,Medium,Weekly mentoring and workload monitoring,43.01
7,6,55.14907396656578,6.026550915428717,0.4558943534614863,24.624633637383482,Medium,Weekly mentoring and workload monitoring,61.79
13,7,66.71814056552411,7.009276918310043,-0.7841125707070713,8.049438220327241,Medium,Weekly mentoring and workload monitoring,49.79
11,9,53.775168190194464,7.162702666131531,0.37059603223174675,15.065017971522044,Medium,Weekly mentoring and workload monitoring,53.94
13,8,87.66231103737255,5.864243185944672,-0.8162582245799106,24.868249671639248,Medium,Weekly mentoring and workload monitoring,53.31
4,1,63.61509273601497,6.563076026029026,0.9302594842539931,3.8867675339946306,Medium,Weekly mentoring and workload monitoring,47.22
13,9,94.87152049094422,6.065155873238485,-0.023211739870120818,12.84699239872246,Medium,Weekly mentoring and workload monitoring,46.49
7,1,76.32892333296469,4.345663930933097,-0.6986477845802452,25.851554632470535,Medium,Weekly mentoring and workload monitoring,60.99
11,4,90.03748857430605,6.185826944084132,-0.315232727932907,13.309140196763465,Medium,Weekly mentoring and workload monitoring,41.36
3,4,98.94657178079805,4.486966962767761,-0.1731671014094771,4.173210052480345,High,Immediate counseling and advisor intervention,68.84
6,5,91.98944297282853,6.025103995401608,0.5163700221530747,17.19096231890304,Medium,Weekly mentoring and workload monitoring,51.26
12,2,93.34968800057618,6.964591999158909,0.4868475721532186,26.12878985771227,Low,Maintain engagement programs,21.46
2,7,70.39922476824223,6.897074496717504,0.22388101067466204,18.527995202688473,High,Immediate counseling and advisor intervention,71.14
10,0,77.58612976296699,7.3131063950416015,-0.7881385748830141,8.335815029998491,Low,Maintain engagement programs,34.29
13,5,62.69442820216521,4.476307539773131,-0.6968612568246528,12.758709363846677,Medium,Weekly mentoring and workload monitoring,58.53
14,3,59.80565498467264,7.260616227652189,-0.8124861587088867,14.603454113094102,Low,Maintain engagement programs,36.9
9,0,75.2753939553017,5.560740283482236,0.15434556657510012,18.21945790697475,Medium,Weekly mentoring and workload monitoring,39.49
5,6,79.75244898502103,5.995229730685555,0.7542768830228079,23.261828721073165,Medium,Weekly mentoring and workload monitoring,58.27
6,8,66.96356229480955,8.289931269613529,-0.13239897549045643,4.768461293937792,Medium,Weekly mentoring and workload monitoring,59.22
12,3,78.47217588817502,4.045152020647751,-0.6783036520845076,26.910256924491858,Medium,Weekly mentoring and workload monitoring,53.7
12,3,94.37302412567516,6.9420631667030275,0.11608465029793402,2.3446716844501165,Low,Maintain engagement programs,27.07
12,5,77.8360792391683,6.993569900500538,0.6235044337314197,12.361465370879147,Low,Maintain engagement programs,32.6
12,2,86.04065481552533,5.983298881717809,0.48342412302586,2.7677686792344143,Low,Maintain engagement programs,28.84
4,5,90.26574836789526,5.1851392855416805,0.7629015593500428,13.003278309668154,Medium,Weekly mentoring and workload monitoring,59.75
14,6,99.43643909777214,5.173370191307756,-0.44419580550226434,16.722752768453066,Medium,Weekly mentoring and workload monitoring,42.64
14,9,80.15987010884898,8.418548348303762,-0.6120922654644503,16.327078824282328,Medium,Weekly mentoring and workload monitoring,39.75
11,9,90.3425074481293,6.210121868914287,0.7596329718838775,6.63759371679143,Medium,Weekly mentoring and workload monitoring,45.98
10,2,98.13246592774374,5.65444681494586,0.31512062555604614,20.080734282677145,Low,Maintain engagement programs,34.16
7,6,97.22048627886367,6.243887869157016,-0.37814213998489166,3.25379661413071,Medium,Weekly mentoring and workload monitoring,55.96
12,2,57.054092438885675,7.346952007296807,0.4846961011450184,23.333390963707632,Low,Maintain engagement programs,29.29
9,1,70.3196154136761,4.728782841223758,0.6302367689607358,28.506044151819296,Medium,Weekly mentoring and workload monitoring,44.22
7,9,66.19950305533999,6.247169176068688,0.2299564806822647,11.513527160231302,High,Immediate counseling and advisor intervention,67.6
14,3,54.346250747517466,6.9394218555519345,0.3757682197598302,16.482702688001293,Low,Maintain engagement programs,30.42
1,7,81.66203874554803,8.742916774257168,-0.24948019111466735,12.609487785646802,High,Immediate counseling and advisor intervention,64.61
1,8,86.79523065980013,5.262638910377096,0.07739133468607817,2.1878909285136787,High,Immediate counseling and advisor intervention,82.24
9,6,92.40640477334418,5.796253739581228,0.0483183414523245,12.804486081063246,Medium,Weekly mentoring and workload monitoring,50.77
11,0,56.13884448313542,5.896792949612118,0.6960955822615438,24.168167259317702,Low,Maintain engagement programs,32.99
14,2,93.82220379376469,7.027690788224414,0.6799279605643651,18.68768758113749,Low,Maintain engagement programs,13.96
9,8,82.14627818071267,5.783660265200009,0.6653609386940864,4.83527760922445,Medium,Weekly mentoring and workload monitoring,54.04
4,0,85.19730675692547,6.667559626498478,-0.9779367714750684,25.71990571142598,Medium,Weekly mentoring and workload monitoring,53.65
13,8,95.5312001770152,7.908951649225147,0.4990909689377765,16.8703896567868,Low,Maintain engagement programs,29.25
9,7,81.23806355216256,7.526927970561018,0.5173527802220097,25.56825412885093,Medium,Weekly mentoring and workload monitoring,43.26
3,0,66.79329285749175,6.231843232562928,0.3567576457102837,18.246202525980824,Medium,Weekly mentoring and workload monitoring,52.85
7,5,91.25536657113298,8.321080888370844,0.5125293157829052,17.67127645546232,Low,Maintain engagement programs,36.24
6,4,68.15296060975453,6.790701247969315,0.6839407429934174,4.947257185516347,Medium,Weekly mentoring and workload monitoring,49.48
8,5,51.71140554102646,6.699529197511063,-0.0593618917964287,6.686072527881583,Medium,Weekly mentoring and workload monitoring,57.82
11,9,91.53272532826249,4.170938829695791,0.004100426976894278,29.21670718190455,Medium,Weekly mentoring and workload monitoring,62.96
9,4,67.25960724406377,8.933464901785808,-0.750571886177219,8.397628909133582,Medium,Weekly mentoring and workload monitoring,41.6
14,5,88.69172616006702,4.614854042648133,-0.22924823390527638,29.3686593037303,Medium,Weekly mentoring and workload monitoring,44.13
5,4,68.13789473329727,5.155654562138233,0.28673035982356865,16.893555782679375,High,Immediate counseling and advisor intervention,64.38
1,4,93.05340099873608,4.258484186207635,0.560799552294549,5.80209331779024,High,Immediate counseling and advisor intervention,71.15
3,3,60.975526254047935,7.200014834184568,-0.5655818046175789,4.7804616771034025,High,Immediate counseling and advisor intervention,64.89
10,2,98.7273632599435,5.1235058848634,-0.7243542016815292,7.848193979760719,Medium,Weekly mentoring and workload monitoring,45.4
12,2,88.98793873940154,4.900052187363618,0.32608400900098444,27.9178452407094,Low,Maintain engagement programs,35.23
8,3,55.711896296019844,4.442777921116207,-0.9962402329501787,13.59620628119035,High,Immediate counseling and advisor intervention,71.25
11,8,78.28883099832802,4.516544785620078,-0.6432548313853403,13.072159503801602,High,Immediate counseling and advisor intervention,67.25
6,1,99.26836561208674,6.923353502212944,-0.9418572393120925,10.769775309964873,Medium,Weekly mentoring and workload monitoring,45.4
8,8,73.55327263469073,7.441039329332977,-0.6662297642902582,6.117731815864475,Medium,Weekly mentoring and workload monitoring,60.96
9,0,59.105356941079165,5.986894942322005,-0.6373614401489895,15.65983352138738,Medium,Weekly mentoring and workload monitoring,48.06
4,0,74.2389183575173,6.399485407960366,-0.2246528104992116,5.641337910311883,Medium,Weekly mentoring and workload monitoring,51.94
1,4,75.62288279409609,7.429838679914921,-0.19534575062688808,25.393446618705173,High,Immediate counseling and advisor intervention,64.79
14,5,87.08434721143328,4.086898950927398,0.7485249412204755,12.371115615708582,Medium,Weekly mentoring and workload monitoring,39.45
1,5,84.94229265804522,5.615653285351392,0.020219424997650393,12.494499897890298,High,Immediate counseling and advisor intervention,73.11
10,2,70.12750217984903,8.865488740351733,0.44680953122457256,15.272179997528365,Low,Maintain engagement programs,23.21
4,6,60.901155374704324,6.90056114847734,-0.7917252841594251,14.435575968641045,High,Immediate counseling and advisor intervention,73.84
12,8,82.25270838846647,5.271122899487466,-0.5491224890726123,29.856023245661003,Medium,Weekly mentoring and workload monitoring,58.56
14,9,71.08519672766408,6.6086502331810655,0.40588688195735356,17.27067139411247,Medium,Weekly mentoring and workload monitoring,43.77
7,7,56.61381055626652,5.713267440604577,-0.8943920790629438,4.46964770611638,High,Immediate counseling and advisor intervention,76.87
2,5,95.02861506181928,6.6612249441314955,-0.02680467551249377,18.992565564154038,Medium,Weekly mentoring and workload monitoring,62.31
3,7,84.56109288048272,4.628707559033244,0.1987379313258677,6.244360200356638,High,Immediate counseling and advisor intervention,77.13
1,4,84.15919282227406,4.663573269096387,0.2042912881049621,2.8662540524775753,High,Immediate counseling and advisor intervention,74.28
5,7,91.12919379558369,4.717711810196964,-0.9541343774639159,29.180780302962948,High,Immediate counseling and advisor intervention,78.83
1,9,76.48308393275406,8.69909895963421,-0.355783991541629,23.65908896296779,High,Immediate counseling and advisor intervention,72.58
8,3,90.75272142012285,7.664494591706709,0.27298130209830807,29.443051787585475,Low,Maintain engagement programs,33.74
1,9,74.90453767555029,4.811909473311604,-0.7020005277015131,15.380596544622788,High,Immediate counseling and advisor intervention,97.04
11,7,53.35876999578551,4.941745418828007,0.3908312966561065,16.903210872171332,Medium,Weekly mentoring and workload monitoring,60.55
1,9,70.26240440138443,7.654147374354382,0.49185041762734905,6.713434765735647,High,Immediate counseling and advisor intervention,73.04
2,1,74.87324469899453,4.78081922396087,0.9639383808922906,8.913407946692397,Medium,Weekly mentoring and workload monitoring,59.05
2,4,86.01012908161479,5.172806466674143,-0.5803160102871812,25.47937801727919,High,Immediate counseling and advisor intervention,74.69
12,8,55.32893650643372,8.816734164101995,0.6502613353322304,11.973198119292636,Low,Maintain engagement programs,36.75
6,3,57.00092693302245,5.27653262364216,0.040593153837308105,25.15081926629973,Medium,Weekly mentoring and workload monitoring,63.32
7,5,63.18419013173082,7.308161751855733,-0.25307480771165314,21.85238428003689,Medium,Weekly mentoring and workload monitoring,55.68
5,0,63.32491966854411,8.893156437002652,-0.7552464853496441,6.960785907612234,Medium,Weekly mentoring and workload monitoring,42.93
1,8,86.60922892295312,5.871483835698964,0.4710112129750752,16.20849825135278,High,Immediate counseling and advisor intervention,75.75
1,0,62.53653302807989,4.0875799543103115,-0.5282848017126258,20.96684500252407,High,Immediate counseling and advisor intervention,78.4
3,4,81.65490316787238,5.220736452111871,-0.2571559962539085,8.581042014507103,High,Immediate counseling and advisor intervention,70.25
14,3,74.71369250691357,8.154385956708527,-0.8749155462052631,25.25927829456215,Low,Maintain engagement programs,28.47
2,2,78.66471890897003,8.323044179775184,0.602733831639038,17.25517441126523,Medium,Weekly mentoring and workload monitoring,44.38
5,5,91.90534815891479,7.842596822618956,0.5331770479432867,6.62677741239289,Medium,Weekly mentoring and workload monitoring,43.96
12,1,70.21907507745121,4.565549095382865,0.4672316600846249,18.32356393260887,Medium,Weekly mentoring and workload monitoring,38.29
10,2,88.54556885321352,7.977551858482016,-0.40111297901622667,29.991986516365593,Low,Maintain engagement programs,29.97
6,4,71.10180297753436,8.593388984967522,-0.6530398514680855,6.21460176657558,Medium,Weekly mentoring and workload monitoring,49.79
7,8,67.69356882806247,7.00304771273118,0.2751065289404595,24.869194043346788,Medium,Weekly mentoring and workload monitoring,59.98
4,1,97.93135886566102,8.704376781690325,-0.007667231773561101,7.804652089251623,Low,Maintain engagement programs,33.86
7,9,59.21854603394816,8.134194418559387,-0.6434950661907168,23.906873224882446,High,Immediate counseling and advisor intervention,66.36
11,7,54.516848028880396,7.334857584954536,0.3718225420997274,22.568181847399572,Medium,Weekly mentoring and workload monitoring,47.34
8,1,88.54929627677393,6.885926183558741,0.9822528636426073,10.413702796812107,Low,Maintain engagement programs,27.33
11,4,53.41248526770458,5.7428683362098525,0.49443917548407534,11.123047291804594,Medium,Weekly mentoring and workload monitoring,47.13
1,6,91.85394953515147,4.796437226214025,0.47997277337122357,24.190598974961738,High,Immediate counseling and advisor intervention,74.66
6,7,71.85966981786217,7.024769613452705,0.9006255058611834,14.920474332844755,Medium,Weekly mentoring and workload monitoring,53.61
8,0,95.77568386459569,5.590557768090598,-0.5941272648501956,22.462904803930645,Medium,Weekly mentoring and workload monitoring,42.59
5,5,86.07664305609528,8.332193337638227,0.13109992984288077,6.143556126243373,Medium,Weekly mentoring and workload monitoring,46.17
4,0,80.52023335039789,8.966684686793142,0.9592934300677669,25.8716178932435,Low,Maintain engagement programs,26.54
2,1,97.46533985288829,7.762138813077863,-0.6694117780596509,21.904772067104936,Medium,Weekly mentoring and workload monitoring,49.99
6,0,69.83246865260271,4.452408476435254,0.400503918889042,27.39439864737535,Medium,Weekly mentoring and workload monitoring,53.19
6,4,97.70434682698166,5.44342797765319,0.1716202919438039,5.706426612979229,Medium,Weekly mentoring and workload monitoring,52.97
11,9,56.75006387106035,4.5455481588287485,0.17295818437741395,18.604406010096735,High,Immediate counseling and advisor intervention,69.02
1,8,74.18774709662064,7.252558238958579,0.3953412550401503,18.775376381129107,High,Immediate counseling and advisor intervention,72.22
9,5,63.49556111960975,7.825954322778923,0.8592338457513684,11.89690073530991,Medium,Weekly mentoring and workload monitoring,38.22
12,0,76.99213894540966,8.62837415440356,0.5651638797026759,14.837059887939219,Low,Maintain engagement programs,10.75
11,0,58.10069389457923,6.190861732059938,-0.88772779316758,3.063483772115897,Medium,Weekly mentoring and workload monitoring,43.81
6,1,92.07648301550216,8.506878247942222,0.7054560397514225,22.884081081556335,Low,Maintain engagement programs,25.24
13,8,92.32039246572786,8.389455795206636,-0.5489173401485348,17.381029423288872,Low,Maintain engagement programs,36.08
3,2,97.76181563617395,5.585978583826993,-0.24617167052725608,3.6167494523368657,Medium,Weekly mentoring and workload monitoring,58.32
4,0,57.733607044161815,8.344503127702854,-0.07653437277523567,21.061165002893595,Medium,Weekly mentoring and workload monitoring,44.62
12,4,81.16662754524954,5.878361259408632,-0.038187998493860675,15.069898162473262,Medium,Weekly mentoring and workload monitoring,40.46
11,6,73.71186543501848,5.484346372801404,-0.12963920148928643,2.9649152639,Medium,Weekly mentoring and workload monitoring,53.57
4,5,67.21918660221166,7.245373293971966,0.8747065884317289,29.14901635174667,Medium,Weekly mentoring and workload monitoring,53.88
3,0,67.57700805671094,5.641906139425405,0.4120380153280492,28.575140006504334,Medium,Weekly mentoring and workload monitoring,55.4
10,4,70.63967753033762,7.15104374164572,0.2623412919134127,16.361267652121533,Medium,Weekly mentoring and workload monitoring,39.38
3,4,85.24627748444766,7.049159027493473,-0.9003159444341169,4.622827779765485,High,Immediate counseling and advisor intervention,64.56
3,5,79.91430291340774,6.817194636742294,0.8078266605207494,23.12939420476057,Medium,Weekly mentoring and workload monitoring,56.03
4,2,72.98407563805655,5.902098521163989,0.8187803840167924,15.774070802960413,Medium,Weekly mentoring and workload monitoring,51.91
7,4,53.79667051848111,6.7424986082573835,0.5604261268602047,10.468529392102637,Medium,Weekly mentoring and workload monitoring,51.95
4,6,53.888267203947855,6.9824273749271075,-0.9859415923727617,15.75970897079959,High,Immediate counseling and advisor intervention,76.9
9,4,50.116969531288916,6.728434442477367,-0.8854394978447533,16.628436071353004,Medium,Weekly mentoring and workload monitoring,59.4
1,4,98.38496941035433,6.222097263756008,-0.5495525954630205,17.755927572625495,High,Immediate counseling and advisor intervention,68.07
8,4,50.262690927919245,4.073335285231319,-0.7373011837101866,14.354263982349142,High,Immediate counseling and advisor intervention,75.36
7,9,55.15468730068724,6.935308538505755,-0.2023279405925411,18.96114848789359,High,Immediate counseling and advisor intervention,70.4
2,9,65.72982784047055,4.8422219257135986,0.8452461161755793,27.724571896978567,High,Immediate counseling and advisor intervention,84.0
8,2,90.37151259083805,7.212879844735948,-0.05587913160600344,12.143506438760552,Low,Maintain engagement programs,36.27
1,0,98.10493928820588,7.79672163961433,-0.9731947471356688,22.320060970158575,Medium,Weekly mentoring and workload monitoring,52.11
11,4,89.5006779395928,6.502226545653707,-0.434508620842476,27.0446715910785,Medium,Weekly mentoring and workload monitoring,40.75
12,8,84.52801162228204,6.711818324898692,-0.9108101832540769,14.767419721278234,Medium,Weekly mentoring and workload monitoring,53.04
9,0,76.06503337067846,8.757392798329956,-0.9274247547729957,14.416763418693314,Low,Maintain engagement programs,30.69
9,2,54.33526059310918,8.23583680686287,-0.4485602938088955,18.859275589933826,Medium,Weekly mentoring and workload monitoring,41.0
2,3,97.90853965019652,8.57118257975735,-0.4487753226421092,18.559389263829665,Medium,Weekly mentoring and workload monitoring,49.11
7,0,87.91962069728407,8.068831441597933,0.5742532052032081,24.584501585135754,Low,Maintain engagement programs,24.39
14,0,81.94746926671309,4.544591709233657,0.9496693055622238,15.341534745792195,Low,Maintain engagement programs,23.08
10,7,87.95179227694248,4.744959279850973,-0.25758581222000343,29.89144258990435,Medium,Weekly mentoring and workload monitoring,60.22
3,1,86.20516646365692,6.6331189863447975,-0.1422262422779228,3.6652039282838618,Medium,Weekly mentoring and workload monitoring,52.18
7,7,81.86157898947434,5.230348293989991,0.6895788725720429,2.0886997602596487,Medium,Weekly mentoring and workload monitoring,59.66
12,6,99.02884000899941,6.383477375205796,-0.46372195980897324,19.925552723669465,Medium,Weekly mentoring and workload monitoring,41.77
10,9,95.16819063180125,5.971826619091751,-0.6872363911931041,10.356177546132548,Medium,Weekly mentoring and workload monitoring,60.53
9,9,82.33324595585816,6.747071192152267,0.7061792468073009,8.730706883585547,Medium,Weekly mentoring and workload monitoring,51.13
4,1,84.65876057284623,7.734378580679113,-0.906998827119869,10.733174240119853,Medium,Weekly mentoring and workload monitoring,50.13
12,5,52.5797903329355,7.577454535496372,0.2393988803988314,9.16933182293872,Medium,Weekly mentoring and workload monitoring,39.44
1,5,83.49587322750196,6.606170662426672,0.12398569493361355,2.8621213904925398,High,Immediate counseling and advisor intervention,67.25
2,2,52.208271885505006,8.11196709408529,-0.3081591049966115,29.202925186936483,Medium,Weekly mentoring and workload monitoring,60.2
1,1,79.41318784849655,6.154310457690167,-0.36962095780528204,8.180873676677889,Medium,Weekly mentoring and workload monitoring,63.96
14,0,99.96767497829174,8.483571449200612,0.5437154523632426,22.552833352500578,Low,Maintain engagement programs,0.0
12,5,77.79032907185898,4.35640135027582,-0.827150778474907,23.352699051436907,Medium,Weekly mentoring and workload monitoring,58.86
5,4,73.66050590406667,8.773300150166538,-0.5264313813772292,28.01920714420242,Medium,Weekly mentoring and workload monitoring,49.8
5,8,65.64274282527938,7.273465407156741,0.46489746367617957,2.8553847986146392,Medium,Weekly mentoring and workload monitoring,62.96
11,0,56.02612893932322,5.900372544686027,0.09664116745284845,26.417353476516215,Medium,Weekly mentoring and workload monitoring,37.91
7,6,86.55118357291408,4.985770632864387,-0.7440235829328272,16.762333063514404,High,Immediate counseling and advisor intervention,68.72
9,4,59.62995138928152,6.395916147217999,0.7642712285641202,19.71123507904318,Medium,Weekly mentoring and workload monitoring,45.12
9,4,55.76410106236422,4.972791615926505,-0.2131043068728169,20.045167759388942,Medium,Weekly mentoring and workload monitoring,61.94
3,1,71.08813298652562,4.831658038715711,0.6557367506443457,24.954338539572372,Medium,Weekly mentoring and workload monitoring,59.6
3,2,89.76709189795487,7.086758787064872,0.5754260310554173,11.335405020455095,Medium,Weekly mentoring and workload monitoring,45.59
3,6,87.25322740601102,6.615423622908923,0.24885089294345608,22.525433316079816,Medium,Weekly mentoring and workload monitoring,62.43
4,5,52.74413073232375,7.3504801730547085,-0.011037737409814063,16.80018707222152,High,Immediate counseling and advisor intervention,64.5
8,1,72.7571842518078,8.648029387109947,0.9591016807635138,24.215032400549738,Low,Maintain engagement programs,22.21
6,5,76.12172880355845,6.6613010666952,-0.7100698552403659,29.735288917563736,Medium,Weekly mentoring and workload monitoring,62.15
8,1,82.22733253129111,6.904660266313988,0.4503114551022296,7.6182284873053145,Low,Maintain engagement programs,33.3
1,1,82.50836752216141,4.448131695774711,-0.617618597070422,29.85016196367994,High,Immediate counseling and advisor intervention,74.45
8,1,68.23486247286529,7.588178929543147,-0.32347378933530324,4.5147403199176726,Medium,Weekly mentoring and workload monitoring,39.72
4,2,78.0338597001757,5.999526034020781,-0.3826025132536095,2.0648913413347882,Medium,Weekly mentoring and workload monitoring,59.83
11,1,74.05309419220433,8.883626193312894,0.894071975477446,3.2365342129792753,Low,Maintain engagement programs,12.93
1,3,94.24991782616405,8.1158700779783,0.9347123555765504,11.569907332629327,Medium,Weekly mentoring and workload monitoring,44.0
8,8,76.51325663174501,6.612405202580591,-0.6339691115305457,19.721377258996156,High,Immediate counseling and advisor intervention,64.41
4,5,72.05160808740808,4.61611327086083,-0.9559296794049916,3.9328271448597896,High,Immediate counseling and advisor intervention,81.88
6,0,70.22427248409254,8.297078966402946,0.4400160793262262,2.1586428068278836,Low,Maintain engagement programs,31.79
8,7,78.62138797167329,7.9989054771201085,-0.16402013225903134,28.238548796846253,Medium,Weekly mentoring and workload monitoring,49.7
4,6,90.19884897004488,4.922925647685165,-0.8223195098248712,25.01394580631803,High,Immediate counseling and advisor intervention,76.89
14,9,76.92007451903937,5.47639144610155,0.36750821115408505,24.65712879189287,Medium,Weekly mentoring and workload monitoring,48.67
3,2,83.08275875402708,7.967036290739187,0.09021105652139938,26.76387971405536,Medium,Weekly mentoring and workload monitoring,46.58
14,0,86.89278834532625,4.926142232737048,0.961033644002212,21.600959637618924,Low,Maintain engagement programs,19.55
9,4,76.00840549393659,8.588762445856887,-0.5451810082772421,4.923315632946281,Medium,Weekly mentoring and workload monitoring,39.41
3,3,71.34085283274322,6.122637125981809,-0.1920442473469035,13.174805266064245,High,Immediate counseling and advisor intervention,64.88
9,9,93.83326889312247,4.435194812938294,0.08509160679084582,22.248185621009625,High,Immediate counseling and advisor intervention,65.68
13,7,70.87530420139461,8.078743217521405,0.5833999769067033,9.849364902162586,Low,Maintain engagement programs,31.63
2,0,73.09714252877939,5.867548415191938,0.09767731344011743,21.24737819581465,Medium,Weekly mentoring and workload monitoring,57.97
14,9,99.51706566708886,6.632495970768905,0.2258003217238984,2.685956551494266,Medium,Weekly mentoring and workload monitoring,37.36
2,0,50.01187617879423,4.561521722056096,-0.5477058968201185,10.57184554462861,High,Immediate counseling and advisor intervention,76.67
2,3,59.27364547883612,4.012920074224912,0.6938374561771197,17.375649415760833,High,Immediate counseling and advisor intervention,75.16
6,7,69.19819449598629,7.189926028966488,-0.1427389060590485,19.698515226174784,Medium,Weekly mentoring and workload monitoring,61.97
3,4,96.62949547126264,6.575875851668658,-0.7180807449564615,18.157138604933504,Medium,Weekly mentoring and workload monitoring,62.54
13,1,53.501485287373555,6.967692845615736,0.32837582901083473,21.537175730056028,Low,Maintain engagement programs,28.15
9,5,50.4742716814249,7.968719251902582,-0.567819093629385,2.170484950715494,Medium,Weekly mentoring and workload monitoring,52.67
4,4,52.63419179886143,7.233029567114301,-0.8048749795214005,4.826353599370602,High,Immediate counseling and advisor intervention,68.94
1,1,54.42717053068091,4.873867214136886,0.7239738168085446,26.330439063816062,High,Immediate counseling and advisor intervention,68.81
4,2,51.87983866031304,5.803862595552999,-0.07967547102312067,21.088962034524513,High,Immediate counseling and advisor intervention,65.55
1,8,73.98906634282524,8.529455523938802,0.49856742539155285,5.162085995208317,High,Immediate counseling and advisor intervention,64.47
14,6,79.03786036136638,7.849723501258395,-0.4188248803872898,25.57808424716022,Low,Maintain engagement programs,33.4
5,6,63.584348553450205,6.783185289683586,0.5739402698353326,8.782474099087874,Medium,Weekly mentoring and workload monitoring,59.85
4,5,69.91436919878177,5.278224989046361,-0.7761281459569394,15.391276757466258,High,Immediate counseling and advisor intervention,77.38
8,7,54.58496675557151,5.510302509173975,-0.28805325241029456,6.065502360770488,High,Immediate counseling and advisor intervention,70.85
8,3,66.81852319142111,7.659790337928173,0.9561236359470571,21.883081579807786,Low,Maintain engagement programs,34.7
7,7,76.12595958172615,8.255871304263854,0.5879794327360122,20.6719237883995,Medium,Weekly mentoring and workload monitoring,45.56
3,3,86.61359035923226,7.357123347653072,-0.005488139370623646,7.911149192651813,Medium,Weekly mentoring and workload monitoring,52.46
1,7,50.16731810214896,8.047649878842208,-0.3204450568762298,26.175221471996053,High,Immediate counseling and advisor intervention,77.57
1,8,73.36553832688263,7.83328067600203,0.7442714000449531,13.23656867815194,High,Immediate counseling and advisor intervention,66.43
12,2,64.85014382274412,4.748519839784788,0.08969551816903132,10.19042254998077,Medium,Weekly mentoring and workload monitoring,44.57
11,2,92.64109108459508,6.11972406456651,0.5168500357382222,6.265228505006993,Low,Maintain engagement programs,28.74
3,1,85.77766576171209,4.764919004142813,0.5082153606323281,9.452704350435049,Medium,Weekly mentoring and workload monitoring,57.16
6,9,79.45542672354475,5.176177924009924,-0.9641086428630163,2.616753794266876,High,Immediate counseling and advisor intervention,82.33
7,2,63.863282284838675,8.346298123255263,-0.7474924344147731,18.331209788771236,Medium,Weekly mentoring and workload monitoring,45.7
6,2,95.51695510287672,6.364459828165911,0.31925873278948447,25.58246089763054,Medium,Weekly mentoring and workload monitoring,41.88
14,4,52.25503386101616,6.676790509213305,-0.6767603774282571,17.37145258436597,Medium,Weekly mentoring and workload monitoring,43.76
14,4,55.473379933955755,4.892229826138861,-0.4890133106887906,8.13967093386852,Medium,Weekly mentoring and workload monitoring,51.08
6,1,69.5815070270178,5.56135893024398,0.8932759083992143,2.942736989988436,Medium,Weekly mentoring and workload monitoring,45.91
6,9,56.22187786484282,5.15123084213935,0.12036451674982374,8.00958605124648,High,Immediate counseling and advisor intervention,79.93
13,5,97.82078487797125,5.030930822592132,0.5014590139986943,13.651399985990585,Low,Maintain engagement programs,36.12
3,4,89.89946610716916,7.18980396657985,0.11596147756527975,23.269120003594303,Medium,Weekly mentoring and workload monitoring,54.21
6,5,62.949132580090684,5.284419238228574,0.10502722956545041,7.2595998710576755,High,Immediate counseling and advisor intervention,66.58
8,0,79.42771144866227,7.160077430102092,-0.8116961797486042,22.15416069393121,Medium,Weekly mentoring and workload monitoring,40.27
11,4,99.11652575400407,4.29227307054277,-0.3126736147817939,26.274137113852742,Medium,Weekly mentoring and workload monitoring,49.19
11,8,94.20994890657515,4.70887196763551,-0.43513820262697656,14.710511747033998,Medium,Weekly mentoring and workload monitoring,60.16
2,9,80.0399223221099,5.372701270000627,-0.21854326877277352,25.00009576599261,High,Immediate counseling and advisor intervention,85.9
5,1,95.18619835876353,6.985234584478459,0.5966883764486566,17.530405744982676,Low,Maintain engagement programs,36.31
14,0,99.45924549066794,7.37920622543688,-0.2561346641662703,19.83854343826534,Low,Maintain engagement programs,12.71
1,9,87.1676411446812,6.213584833897635,-0.0966063615366346,16.735796889469675,High,Immediate counseling and advisor intervention,81.1
12,8,53.2493204741447,6.228954572886145,-0.20523721902936698,14.968836069037568,Medium,Weekly mentoring and workload monitoring,58.43
1,9,70.07901182127438,7.622584256993091,-0.8131840560494088,8.570296369723781,High,Immediate counseling and advisor intervention,83.94
5,8,91.89128676416227,4.079105458827912,-0.11785568349843256,10.489433664909289,High,Immediate counseling and advisor intervention,77.99
12,8,61.52845979025095,5.7054501223711025,-0.6087814539109699,10.119163330421053,Medium,Weekly mentoring and workload monitoring,62.33
13,5,91.53212588753124,8.093535285596165,-0.626553408453917,17.772090066706813,Low,Maintain engagement programs,30.36
3,7,56.016938101749794,7.016097051066861,-0.8119277911314673,5.358703404668917,High,Immediate counseling and advisor intervention,80.16
4,0,52.34726785739065,5.686135663777102,-0.2866580517164705,27.670167339665383,Medium,Weekly mentoring and workload monitoring,62.31
3,9,69.20453057456248,8.52762396164837,0.5149637695788347,22.17834406792717,Medium,Weekly mentoring and workload monitoring,62.92
1,3,51.836596871330684,7.863113637246913,-0.44711661883320786,13.240477665569422,High,Immediate counseling and advisor intervention,68.25
1,0,97.86351314916628,5.324477236183667,-0.37530179622897286,6.4414760467385825,Medium,Weekly mentoring and workload monitoring,60.77
12,7,91.3102847896983,7.226449187628584,0.2853493153448472,26.695780752205803,Low,Maintain engagement programs,35.87
12,0,90.03848435649375,6.978753640944784,-0.6083183748261622,25.065786522832624,Low,Maintain engagement programs,25.79
14,2,81.48889614980766,6.005939570194913,0.7939158608470687,22.20820347608102,Low,Maintain engagement programs,21.96
13,3,60.81620115182768,5.834780396024003,0.04038104650310892,9.603317327514786,Medium,Weekly mentoring and workload monitoring,40.15
14,7,75.91301833381961,5.71780237387852,-0.10479411935956606,13.26850584814273,Medium,Weekly mentoring and workload monitoring,46.04
5,5,79.86370362151705,7.085778916978234,0.1156403838584028,4.876951068667854,Medium,Weekly mentoring and workload monitoring,54.79
6,9,76.25157504301342,6.2120496824033475,-0.6679313731676091,7.293106692370888,High,Immediate counseling and advisor intervention,75.13
3,6,63.011668397576365,8.15931556625711,0.2269462772783526,23.92446584486852,Medium,Weekly mentoring and workload monitoring,60.8
12,7,75.76239621573629,7.348013080669809,-0.27379852673197913,22.021084127819147,Medium,Weekly mentoring and workload monitoring,44.02
9,1,74.55931704343132,4.349658028547171,0.7943726819292378,18.617601363326173,Medium,Weekly mentoring and workload monitoring,43.79
5,9,99.8167887903362,7.20084111914083,-0.6622915866446277,27.08034832593284,High,Immediate counseling and advisor intervention,65.99
8,7,94.8718074023102,5.355737182500924,0.01410220773088211,18.33146249876527,Medium,Weekly mentoring and workload monitoring,58.23
13,2,73.16903741078099,6.964059958267113,0.19622525873803598,15.075103998981099,Low,Maintain engagement programs,26.62
1,6,81.14686914675593,7.4006596555172575,-0.9332327964272376,11.530380896561356,High,Immediate counseling and advisor intervention,74.93
14,2,87.39358020461142,5.15414594577006,-0.2726137504877195,28.33255816061283,Low,Maintain engagement programs,33.72
5,6,51.743258011691246,6.284293224401843,0.4652704694016656,4.316032922681898,High,Immediate counseling and advisor intervention,66.69
3,1,94.746072061392,4.951624314095339,0.6407550148979466,28.064846417702636,Medium,Weekly mentoring and workload monitoring,52.62
12,9,93.00634082089618,4.261694378932542,-0.3736760103654353,25.148010478068514,Medium,Weekly mentoring and workload monitoring,62.43
1,5,72.87160488868537,5.892382117429346,0.5971865447655025,5.638037886999636,High,Immediate counseling and advisor intervention,70.17
4,2,69.558488304019,5.81472135922996,0.9355117542067777,17.8195620149071,Medium,Weekly mentoring and workload monitoring,52.37
13,2,63.64796874281575,8.977402453521286,0.7137478721501882,26.26334348897443,Low,Maintain engagement programs,14.0
5,8,73.83384141651842,6.231761755988211,-0.7647120236813496,18.010656581000305,High,Immediate counseling and advisor intervention,76.47
7,6,52.21883317666184,5.667847747361002,0.47946066417108124,27.401595003697423,High,Immediate counseling and advisor intervention,64.35
1,4,92.60967666735039,6.902375033583374,-0.36066633511891055,28.40354687084919,High,Immediate counseling and advisor intervention,64.39
3,9,51.77111842092725,4.443836970538842,0.9768319788241531,13.826766621160566,High,Immediate counseling and advisor intervention,86.17
2,6,66.45256826849355,8.808328679774066,-0.02928203368022575,12.564782519377061,Medium,Weekly mentoring and workload monitoring,61.14
9,8,96.5794744159495,7.174800227955165,-0.7551322032821179,28.21699231113639,Medium,Weekly mentoring and workload monitoring,54.14
10,0,86.76063272617264,7.774189099704239,0.45037109605478154,20.903921712190705,Low,Maintain engagement programs,19.14
6,6,64.06954802887634,4.852389690869588,-0.3539776032275723,5.24863507774874,High,Immediate counseling and advisor intervention,75.11
10,5,62.632454698044256,6.04738926502602,0.9941563141633234,3.1841689782350735,Medium,Weekly mentoring and workload monitoring,44.33
3,9,50.2541069909013,6.113445566980948,0.9595649157090438,17.809613427923367,High,Immediate counseling and advisor intervention,77.62
8,8,84.7857146424875,8.109032219505433,0.3122680360411614,28.044787032275888,Medium,Weekly mentoring and workload monitoring,46.25
14,0,52.43917908365866,4.006183398797047,-0.7403471020965648,25.638963667362916,Medium,Weekly mentoring and workload monitoring,47.88
8,3,76.63012597003811,5.504265541766276,0.3737219953500581,20.92373690100142,Medium,Weekly mentoring and workload monitoring,48.55
2,8,98.10609862960249,8.906181871721518,-0.8139390270799456,5.895243768950451,Medium,Weekly mentoring and workload monitoring,63.85
6,3,55.473443002722696,6.374432717531093,-0.9412716817952154,9.118478744963475,High,Immediate counseling and advisor intervention,65.78
7,9,94.72399654840336,5.912631401220041,0.6459168924429721,26.514314343473252,Medium,Weekly mentoring and workload monitoring,58.25
2,2,99.5737667572524,4.599145010088232,-0.5804941046326373,7.118602626393213,High,Immediate counseling and advisor intervention,68.67
11,8,53.075851311961756,8.870823143140079,-0.2419457475618052,9.796303431012168,Medium,Weekly mentoring and workload monitoring,47.1
10,1,94.14531345687305,4.100131779629122,0.9469147799523463,5.628818233472375,Low,Maintain engagement programs,35.83
2,3,75.80395102218083,7.6859011250362155,-0.3263189962777935,20.93103047960351,Medium,Weekly mentoring and workload monitoring,58.96
10,5,95.325685972229,7.842999023942542,-0.40702043743336946,28.43150455016987,Medium,Weekly mentoring and workload monitoring,37.08
1,1,78.56594709597871,5.2182835803193335,0.8364159992455504,9.531104884670807,Medium,Weekly mentoring and workload monitoring,59.43
8,7,83.10560050532823,7.357792218065186,-0.7785031093620838,15.311385019802064,Medium,Weekly mentoring and workload monitoring,57.01
1,7,77.18894539986997,4.464645721896949,0.5191648202292636,19.76151271191372,High,Immediate counseling and advisor intervention,82.87
9,0,93.22464401536743,5.2852363321604,0.976131133305548,29.985054950037657,Low,Maintain engagement programs,29.38
11,2,86.69549594768509,7.939509941461325,0.8025920215492977,4.93462581993202,Low,Maintain engagement programs,18.1
6,9,76.06301560902074,8.323430960167702,0.30333583741285186,15.959982386159856,Medium,Weekly mentoring and workload monitoring,55.72
7,8,93.40804020257735,7.042432063298957,-0.37187841001453603,12.783363357270002,Medium,Weekly mentoring and workload monitoring,58.04
13,4,62.26427661276673,6.534192159102413,-0.49135603764336655,26.242964626225945,Medium,Weekly mentoring and workload monitoring,43.02
10,5,57.8670329851263,4.796520103094902,0.6385102097429223,15.327096468326365,Medium,Weekly mentoring and workload monitoring,55.36
7,3,58.0200052665036,4.315545165395751,0.7596438279033906,5.1073706883841465,Medium,Weekly mentoring and workload monitoring,59.67
10,9,66.7004439372619,4.588245142367793,0.05086982509138571,19.76387606802434,High,Immediate counseling and advisor intervention,69.8
3,1,61.93450156505088,5.136786500480493,-0.5113201184270677,23.581857311388635,High,Immediate counseling and advisor intervention,69.98
2,7,96.50451752548693,5.7083725094846045,-0.7741135831776529,2.0806750466372086,High,Immediate counseling and advisor intervention,78.67
9,5,55.2917046914292,5.904547627554936,-0.8256410643363377,26.050787191777626,High,Immediate counseling and advisor intervention,64.72
8,4,84.94953690197939,5.731608842945018,0.4381548947077112,7.208644000158637,Medium,Weekly mentoring and workload monitoring,47.24
13,8,59.461076989250294,5.195276660986329,-0.15976254430455006,17.45794221029458,Medium,Weekly mentoring and workload monitoring,59.28
12,0,94.08185663851751,6.548621233758491,0.8107197485557407,13.642330019248604,Low,Maintain engagement programs,15.43
10,4,98.06576440924536,8.126430541164485,0.47934260145352736,22.15030686509485,Low,Maintain engagement programs,24.81
7,5,73.27350043849918,5.398517692357396,-0.6174791641708266,12.392525214000772,High,Immediate counseling and advisor intervention,66.33
9,4,93.95357401140657,8.711935095511166,0.22755483763139805,26.3533689470879,Low,Maintain engagement programs,27.52
4,5,50.25725853773574,8.366683308619239,-0.1289890912036813,22.453898106846125,Medium,Weekly mentoring and workload monitoring,60.6
13,5,90.99734587040501,4.808821056760548,0.15449946153722616,20.1359687897618,Medium,Weekly mentoring and workload monitoring,42.03
4,6,61.43125807624617,7.931379783785473,0.4761382466770343,24.29473667575992,Medium,Weekly mentoring and workload monitoring,57.7
1,3,95.43506546346839,6.872936911588833,0.6123917620075816,23.112644977994705,Medium,Weekly mentoring and workload monitoring,53.09
8,7,50.056005574005475,6.832876810857092,0.6874746528134486,3.0062828978034934,Medium,Weekly mentoring and workload monitoring,56.89
14,6,77.80908675198785,5.955213815290872,-0.49205025085595056,13.052561907655187,Medium,Weekly mentoring and workload monitoring,44.67
14,8,87.83179018924673,6.505764995910049,-0.9377688001652846,28.062604324861717,Medium,Weekly mentoring and workload monitoring,48.03
12,6,62.9344165348954,5.985893887146055,0.47858947032954635,5.520279531782334,Medium,Weekly mentoring and workload monitoring,46.07
3,2,59.656643229364654,6.6986630937997145,-0.7873125474884508,22.638703412097435,High,Immediate counseling and advisor intervention,67.07
7,2,54.204911223399236,7.13975026386318,-0.3701608227740647,29.28857071738923,Medium,Weekly mentoring and workload monitoring,51.83
12,7,66.32167882516465,7.371519032045242,-0.9923657317513057,3.4615616132592057,Medium,Weekly mentoring and workload monitoring,52.35
2,4,77.99221561544147,6.662405962797131,0.3633389648032401,21.101428657545092,Medium,Weekly mentoring and workload monitoring,61.03
2,3,55.792192839012884,7.607110336643658,-0.6657359770575575,15.10831595642885,High,Immediate counseling and advisor intervention,67.63
7,7,68.83476809933994,4.706390246377529,0.31056481938331637,18.21690715049222,High,Immediate counseling and advisor intervention,69.18
6,5,50.45362023263625,5.059912454511193,0.9834852343356777,4.389557421561095,Medium,Weekly mentoring and workload monitoring,64.03
3,1,90.93397102499209,8.09367502037135,-0.8546582567799674,3.2041946522743054,Medium,Weekly mentoring and workload monitoring,48.75
9,3,56.422435904659565,5.612639889232076,-0.8458439760970786,20.67226649542581,Medium,Weekly mentoring and workload monitoring,60.72
10,3,64.16714741327908,4.114469124880602,-0.3192398146666502,25.0526640349801,Medium,Weekly mentoring and workload monitoring,59.74
14,5,50.92138593691087,4.768955748340155,0.7327730285026841,23.896429378123084,Medium,Weekly mentoring and workload monitoring,45.72
13,5,71.61203919462562,5.118072172481556,-0.5689402624173363,17.226560380254647,Medium,Weekly mentoring and workload monitoring,51.55
6,0,92.00607513706095,8.786614439472936,-0.27924436013930487,4.796270991812989,Low,Maintain engagement programs,29.07
